-- Restauracao de dados historicos ComprasPro para Supabase/PostgreSQL
-- Fonte: backups/sistema-compras-backup-20260630-105243/sistema_compras.sql
-- Rode depois do database_supabase.sql. Mantem IDs originais e ignora duplicados.

BEGIN;

INSERT INTO fornecedores (id,nome,cnpj,contato,telefone,email,status,criado_em) VALUES
(3,'GMAD AMERICANA COMERCIO DE MADEIRAS E FERRAGENS LTDA','44.479.620/0001-20',NULL,NULL,NULL,'ativo','2026-06-24 20:41:58'),
(5,'MARCIO JOSE JACOMASSI ME','05.455.097/0001-40',NULL,NULL,NULL,'ativo','2026-06-25 17:46:29'),
(6,'PAVESA COMERCIO DE FERRAGENS E FERRAMENTAS LTDA','10.779.926/0001-80',NULL,NULL,NULL,'ativo','2026-06-25 17:46:29'),
(7,'IDEAL - BOX E EMBALAGENS LTDA','22.962.695/0001-25',NULL,NULL,NULL,'ativo','2026-06-25 17:46:29'),
(8,'J C SOUZA FERNANDES','39.511.397/0001-11',NULL,NULL,NULL,'ativo','2026-06-25 17:46:29'),
(9,'MADEIRANIT COM E IND DE  MADEIRAS LTDA','46.676.813/0001-05',NULL,NULL,NULL,'ativo','2026-06-25 17:46:29'),
(10,'INYLBRA INDUSTRIA E COMERCIO LTDA','59.135.509/0006-07',NULL,NULL,NULL,'ativo','2026-06-25 17:46:29'),
(11,'AMPARO EPI PROFISSIONAL E EQUIPAMENTOS LTDA','64.262.083/0001-70',NULL,NULL,NULL,'ativo','2026-06-25 17:46:29'),
(12,'ADAR IND. COM. IMPORT. E EXPORT. LTDA.','03.442.526/0001-10',NULL,NULL,NULL,'ativo','2026-06-25 17:46:29'),
(13,'Marcos Fornecedor','22022894000153','19 99889-8955','19 99889-8955','','ativo','2026-06-25 20:16:14'),
(14,'UREL & UREL COMPENSADOS LTDA','22.320.037/0001-30','Não informado','1935853155','Não informado','ativo','2026-06-26 18:26:50')
ON CONFLICT DO NOTHING;

INSERT INTO unidades_medida (id,codigo,nome,status,criado_em) VALUES
(1,'UN','Unidade','ativo','2026-06-24 19:17:59'),
(2,'CX','Caixa','ativo','2026-06-24 19:17:59'),
(3,'PCT','Pacote','ativo','2026-06-24 19:17:59'),
(4,'KG','Quilograma','ativo','2026-06-24 19:17:59'),
(5,'G','Grama','ativo','2026-06-24 19:17:59'),
(6,'L','Litro','ativo','2026-06-24 19:17:59'),
(7,'ML','Mililitro','ativo','2026-06-24 19:17:59'),
(8,'M','Metro','ativo','2026-06-24 19:17:59'),
(9,'ROLO','Rolo','ativo','2026-06-24 19:17:59'),
(10,'PALLET','Pallet','ativo','2026-06-24 19:17:59'),
(11,'FARDO','Fardo','ativo','2026-06-24 19:17:59'),
(12,'KIT','Kit','ativo','2026-06-24 19:17:59'),
(13,'PAR','Par','ativo','2026-06-24 19:17:59'),
(14,'M2','Metro Quadrado (M²)','ativo','2026-06-24 19:17:59'),
(15,'M3','Metro Cúbico (M³)','ativo','2026-06-24 19:17:59')
ON CONFLICT DO NOTHING;

INSERT INTO cadastro_categorias (id,nome,status,criado_em,atualizado_em) VALUES
(1,'Importado via NF-e','ativo','2026-06-25 17:18:34','2026-06-25 17:18:34'),
(28,'2.3.18 Caçamba','ativo','2026-06-25 17:22:19','2026-06-25 17:22:19'),
(37,'2.3.13 Eventos/Investimentos','ativo','2026-06-25 17:22:31','2026-06-25 17:22:31'),
(42,'2.1.10 Embalagem','ativo','2026-06-25 17:22:39','2026-06-25 17:22:39'),
(47,'2.3.14 Endomarketing','ativo','2026-06-25 17:22:48','2026-06-25 17:22:48'),
(52,'2.3.19 Farmacia','ativo','2026-06-25 17:22:54','2026-06-25 17:22:54'),
(57,'2.3.20 Frete','ativo','2026-06-25 17:23:01','2026-06-25 17:23:01'),
(62,'2.3.6 Gasto com Veiculos','ativo','2026-06-25 17:23:11','2026-06-25 17:23:11'),
(67,'2.3.5 Manutençao Predial','ativo','2026-06-25 17:23:21','2026-06-25 17:23:21'),
(72,'2.1.11 Tercerizados','ativo','2026-06-25 17:23:29','2026-06-25 17:23:29'),
(77,'2.1.2 Matéria-Prima MDF','ativo','2026-06-25 17:23:35','2026-06-25 17:23:35'),
(82,'2.1.3 Matéria-Prima Cola','ativo','2026-06-25 17:23:42','2026-06-25 17:23:42'),
(87,'2.1.5 Matéria-Prima Carpete','ativo','2026-06-25 17:23:55','2026-06-25 17:23:55'),
(92,'2.1.4 Matéria-Prima Sisal','ativo','2026-06-25 17:24:01','2026-06-25 17:24:01'),
(97,'2.1.6 Matéria-Prima Injetavel','ativo','2026-06-25 17:24:08','2026-06-25 17:24:08'),
(102,'2.1.7 Matéria-Prima Tecido','ativo','2026-06-25 17:24:14','2026-06-25 17:24:14'),
(107,'2.1.8 Matéria-Prima Acrilico','ativo','2026-06-25 17:24:23','2026-06-25 17:24:23'),
(112,'2.1.9 Matéria-Prima Outros','ativo','2026-06-25 17:24:32','2026-06-25 17:24:32'),
(117,'2.3.21 Material de Escritório','ativo','2026-06-25 17:24:39','2026-06-25 17:24:39'),
(122,'2.1.1 Compra de Mercadorias','ativo','2026-06-25 17:24:46','2026-06-25 17:24:46'),
(127,'2.3.16 Supermercado','ativo','2026-06-25 17:24:53','2026-06-25 17:24:53'),
(132,'2.1.12 Insumos de Fabricação','ativo','2026-06-25 17:24:59','2026-06-25 17:24:59'),
(1083,'2.3.23 EPI','ativo','2026-06-25 20:17:13','2026-06-25 20:17:13')
ON CONFLICT DO NOTHING;

INSERT INTO cadastro_tipos_pagamento (id,nome,status,criado_em,atualizado_em) VALUES
(1,'PIX','ativo','2026-06-25 17:18:34','2026-06-25 17:18:34'),
(2,'Boleto','ativo','2026-06-25 17:18:34','2026-06-25 17:18:34'),
(3,'Cartao de Credito','ativo','2026-06-25 17:18:34','2026-06-25 17:18:34'),
(4,'Cartao de Debito','ativo','2026-06-25 17:18:34','2026-06-25 17:18:34'),
(5,'Dinheiro','ativo','2026-06-25 17:18:34','2026-06-25 17:18:34'),
(6,'Transferencia','ativo','2026-06-25 17:18:34','2026-06-25 17:18:34')
ON CONFLICT DO NOTHING;

INSERT INTO produtos (id,codigo,descricao,categoria,unidade,quantidade_por_unidade_compra,unidade_base,fornecedor_id,estoque_seguranca,unidade_estoque_seguranca,estoque_atual,custo_atual,estoque_semanal,consumo_semanal,consumo_mensal,status,criado_em) VALUES
(2,'MDF4MM','MDF CRU 04MM 2,75 X 1,85 - B (CORTADA EM 4 PARTES 126 CHAPAS)','2.1.2 Matéria-Prima MDF','PALLET',126.0000,'CHAPAS',3,2.00,NULL,7.0000,7762.5029,0.00,0.00,0.00,'ativo','2026-06-24 20:41:58'),
(3,'PORTACOPOS','PORTA COPOS','2.1.9 Matéria-Prima Outros','UN',1.0000,'UN',5,1.00,NULL,1000.0000,0.5300,0.00,0.00,0.00,'ativo','2026-06-25 18:16:51'),
(4,'Grampo','GRAMPO 80/04','2.1.9 Matéria-Prima Outros','ML',1.0000,'UN',6,1.00,NULL,38.5000,1.9000,0.00,0.00,0.00,'ativo','2026-06-25 18:16:51'),
(5,'CX4','Caixa de papelao ondulado CX 04','2.1.10 Embalagem','UN',1.0000,'UN',7,1.00,NULL,350.0000,4.1600,0.00,0.00,0.00,'ativo','2026-06-25 18:16:51'),
(6,'CX5','Caixa de papelao ondulado CX 05','2.1.10 Embalagem','UN',1.0000,'UN',7,1.00,NULL,540.0000,2.5400,0.00,0.00,0.00,'ativo','2026-06-25 18:16:51'),
(7,'ColaFabrica','COLA 345 LV/B50','2.1.3 Matéria-Prima Cola','KG',1.0000,'UN',8,1.00,NULL,200.0000,19.7400,0.00,0.00,0.00,'ativo','2026-06-25 18:16:51'),
(8,'ColaPower','ADESIVO INSTANTANEO N7 100G POWER BOND','2.1.3 Matéria-Prima Cola','UN',1.0000,'UN',8,1.00,NULL,40.0000,16.0000,0.00,0.00,0.00,'ativo','2026-06-25 18:16:51'),
(9,'MDF2MM','MDF CRU 2,8MM 2,75 X 1,85 - B (CORTADA EM 4 PARTES 168 CHAPAS)','2.1.2 Matéria-Prima MDF','PALLET',168.0000,'CHAPAS',3,1.00,NULL,2.0000,7660.8000,0.00,0.00,0.00,'ativo','2026-06-25 18:16:51'),
(10,'MDF2MM','BERNECK MDF  2,8 MM 185X275 CRU','2.1.2 Matéria-Prima MDF','PALLET',168.0000,'CHAPAS',9,1.00,NULL,200.0000,44.9500,0.00,0.00,0.00,'ativo','2026-06-25 18:16:51'),
(11,'MDF2MM','CHAPA MDF 2 QUALIDADE','2.1.2 Matéria-Prima MDF','PALLET',168.0000,'CHAPAS',9,1.00,NULL,3.0000,0.0500,0.00,0.00,0.00,'ativo','2026-06-25 18:16:51'),
(12,'Carpete','FELTRO AGULHADO INYLTEX GRAFITE 2,00-','2.1.5 Matéria-Prima Carpete','M2',1.0000,'UN',10,1.00,NULL,1600.0000,7.3700,0.00,0.00,0.00,'ativo','2026-06-25 18:16:51'),
(13,'Luva','LUVA NBR AZUL NITRIL. Tam.G','2.3.23 EPI','CX',1.0000,'UN',11,1.00,NULL,4.0000,10.0000,0.00,0.00,0.00,'ativo','2026-06-25 18:16:52'),
(14,'Luva','LUVA NBR AZUL NITRIL. Tam.M','2.3.23 EPI','CX',1.0000,'UN',11,1.00,NULL,4.0000,10.0000,0.00,0.00,0.00,'ativo','2026-06-25 18:16:52'),
(15,'Luva','LUVA NBR AZUL NITRIL. Tam.P','2.3.23 EPI','CX',1.0000,'UN',11,1.00,NULL,4.0000,10.0000,0.00,0.00,0.00,'ativo','2026-06-25 18:16:52'),
(16,'Luva','LUVA NBR AZUL NITRIL. Tam.GG','2.3.23 EPI','CX',1.0000,'UN',11,1.00,NULL,1.0000,10.0000,0.00,0.00,0.00,'ativo','2026-06-25 18:16:52'),
(17,'Sapatão','SAPATO ELASTICO B.PVC N37','2.3.23 EPI','UN',1.0000,'UN',11,1.00,NULL,1.0000,98.0000,0.00,0.00,0.00,'ativo','2026-06-25 18:16:52'),
(18,'Sapatão','SAPATO ELASTICO B.PVC N43','2.3.23 EPI','UN',1.0000,'UN',11,1.00,NULL,1.0000,98.0000,0.00,0.00,0.00,'ativo','2026-06-25 18:16:52'),
(19,'TECIDO','OXFORD STRETCH SUPER BLANC','2.1.7 Matéria-Prima Tecido','M',1.0000,'UN',12,1.00,NULL,1400.0000,3.8000,0.00,0.00,0.00,'ativo','2026-06-25 18:16:52'),
(20,'MDF2MM','MDF CRU 2,8MM 275X185 BERNECK','2.1.2 Matéria-Prima MDF','UN',1.0000,'CHAPAS',14,1.00,NULL,312.0000,50.0000,0.00,0.00,0.00,'ativo','2026-06-26 18:26:50')
ON CONFLICT DO NOTHING;

INSERT INTO ordens_compra (id,numero_oc,data_preenchimento,tipo_material,fornecedor_id,produto_id,quantidade,preco_negociado,frete,valor_total,data_entrega,metodo_pagamento,parcelas,prazos_parcelas,prazo_dias,nota_fiscal,status_compra,ordem_original_id,criado_em) VALUES
(3,'OC-2026-00001','2026-06-26','2.1.2 Matéria-Prima MDF',3,2,1.00,7994.72,0.00,7994.72,'2026-06-26','Boleto',6,'30,60,90,120,150,180',30,NULL,'aguardando autorizacao',NULL,'2026-06-26 18:59:08')
ON CONFLICT DO NOTHING;

INSERT INTO autorizacoes (id,ordem_id,autorizado_por,data_aprovacao,decidido_em,status,observacao) VALUES
(3,3,NULL,NULL,NULL,'pendente',NULL)
ON CONFLICT DO NOTHING;

INSERT INTO recebimentos (id,ordem_id,data_prevista,data_real,status) VALUES
(3,3,'2026-06-26',NULL,'aguardando')
ON CONFLICT DO NOTHING;

INSERT INTO produto_fornecedor_relacionamentos (id,fornecedor,cnpj,codigo_fornecedor,descricao_fornecedor,produto_id,criado_em,atualizado_em) VALUES
(2,'GMAD AMERICANA COMERCIO DE MADEIRAS E FERRAGENS LTDA','44.479.620/0001-20','421381','MDF CRU 04MM 2,75 X 1,85 - B (CORTADA EM 4 PARTES 126 CHAPAS) - BERNECK',2,'2026-06-24 20:41:58','2026-06-26 20:00:24'),
(6,'MARCIO JOSE JACOMASSI ME','05.455.097/0001-40','392','PORTA COPOS',3,'2026-06-25 18:16:51','2026-06-26 16:47:45'),
(7,'PAVESA COMERCIO DE FERRAGENS E FERRAMENTAS LTDA','10.779.926/0001-80','8004N2','GRAMPO 80/04',4,'2026-06-25 18:16:51','2026-06-26 16:47:46'),
(8,'IDEAL - BOX E EMBALAGENS LTDA','22.962.695/0001-25','CX21616','Caixa de papelao ondulado CX 04',5,'2026-06-25 18:16:51','2026-06-26 16:47:47'),
(9,'IDEAL - BOX E EMBALAGENS LTDA','22.962.695/0001-25','CX21652','Caixa de papelao ondulado CX 05',6,'2026-06-25 18:16:51','2026-06-26 16:47:47'),
(10,'J C SOUZA FERNANDES','39.511.397/0001-11','241','COLA 345 LV/B50',7,'2026-06-25 18:16:51','2026-06-26 16:47:49'),
(11,'J C SOUZA FERNANDES','39.511.397/0001-11','1707','ADESIVO INSTANTANEO N7 100G POWER BOND',8,'2026-06-25 18:16:51','2026-06-26 16:47:49'),
(14,'GMAD AMERICANA COMERCIO DE MADEIRAS E FERRAGENS LTDA','44.479.620/0001-20','394821','MDF CRU 2,8MM 2,75 X 1,85 - B (CORTADA EM 4 PARTES 168 CHAPAS)',9,'2026-06-25 18:16:51','2026-06-26 16:47:52'),
(15,'MADEIRANIT COM E IND DE  MADEIRAS LTDA','46.676.813/0001-05','MDBKCRU002','BERNECK MDF  2,8 MM 185X275 CRU',10,'2026-06-25 18:16:51','2026-06-26 16:47:53'),
(16,'MADEIRANIT COM E IND DE  MADEIRAS LTDA','46.676.813/0001-05','CAFDMDF046','CHAPA MDF 2 QUALIDADE',11,'2026-06-25 18:16:51','2026-06-26 16:47:53'),
(17,'INYLBRA INDUSTRIA E COMERCIO LTDA','59.135.509/0006-07','7036003','FELTRO AGULHADO INYLTEX GRAFITE 2,00-',12,'2026-06-25 18:16:51','2026-06-26 16:47:54'),
(27,'AMPARO EPI PROFISSIONAL E EQUIPAMENTOS LTDA','64.262.083/0001-70','10.301','LUVA NBR AZUL NITRIL. Tam.G',13,'2026-06-25 18:16:52','2026-06-26 16:47:55'),
(28,'AMPARO EPI PROFISSIONAL E EQUIPAMENTOS LTDA','64.262.083/0001-70','10.303','LUVA NBR AZUL NITRIL. Tam.M',14,'2026-06-25 18:16:52','2026-06-26 16:47:55'),
(29,'AMPARO EPI PROFISSIONAL E EQUIPAMENTOS LTDA','64.262.083/0001-70','10.302','LUVA NBR AZUL NITRIL. Tam.P',15,'2026-06-25 18:16:52','2026-06-26 16:47:55'),
(30,'AMPARO EPI PROFISSIONAL E EQUIPAMENTOS LTDA','64.262.083/0001-70','10.300','LUVA NBR AZUL NITRIL. Tam.GG',16,'2026-06-25 18:16:52','2026-06-26 16:47:55'),
(31,'AMPARO EPI PROFISSIONAL E EQUIPAMENTOS LTDA','64.262.083/0001-70','10.427','SAPATO ELASTICO B.PVC N37',17,'2026-06-25 18:16:52','2026-06-26 16:47:56'),
(32,'AMPARO EPI PROFISSIONAL E EQUIPAMENTOS LTDA','64.262.083/0001-70','10.433','SAPATO ELASTICO B.PVC N43',18,'2026-06-25 18:16:52','2026-06-26 16:47:56'),
(33,'ADAR IND. COM. IMPORT. E EXPORT. LTDA.','03.442.526/0001-10','225.D12.A30','OXFORD STRETCH SUPER BLANC',19,'2026-06-25 18:16:52','2026-06-26 16:47:59'),
(66,'UREL & UREL COMPENSADOS LTDA','22.320.037/0001-30','2','MDF CRU 2,8MM 275X185 BERNECK',20,'2026-06-26 18:26:50','2026-06-26 18:28:28')
ON CONFLICT DO NOTHING;

INSERT INTO nfe_importacoes (id,ordem_id,origem,fornecedor,fornecedor_cnpj,numero_nf,tipo_documento,serie,chave_nfe,data_emissao,data_entrada,data_entrega,tipo_entrega,ordem_parcial_id,valor_total,condicao_pagamento,observacoes,usuario_responsavel,status_recebimento,confirmado_em,criado_em) VALUES
(18,NULL,'XML','MARCIO JOSE JACOMASSI ME','05.455.097/0001-40','1378','Nota Fiscal','1','35260505455097000140550010000013781958238090','2026-05-12','2026-06-26',NULL,NULL,NULL,530.00,NULL,NULL,'Sistema','Aguardando Ordem de Compra','2026-06-26 13:47:45','2026-06-26 16:47:45'),
(19,NULL,'XML','PAVESA COMERCIO DE FERRAGENS E FERRAMENTAS LTDA','10.779.926/0001-80','7727','Nota Fiscal','1','35260510779926000180550010000077271000203450','2026-05-06','2026-06-26',NULL,NULL,NULL,109.95,NULL,NULL,'Sistema','Aguardando Ordem de Compra','2026-06-26 13:47:46','2026-06-26 16:47:46'),
(20,NULL,'XML','IDEAL - BOX E EMBALAGENS LTDA','22.962.695/0001-25','14613','Nota Fiscal','1','35260522962695000125550010000146131000366173','2026-05-23','2026-06-26',NULL,NULL,NULL,3251.74,NULL,NULL,'Sistema','Aguardando Ordem de Compra','2026-06-26 13:47:47','2026-06-26 16:47:47'),
(21,NULL,'XML','J C SOUZA FERNANDES','39.511.397/0001-11','1813','Nota Fiscal','2','35260539511397000111550020000018131000040439','2026-05-25','2026-06-26',NULL,NULL,NULL,958.00,NULL,NULL,'Sistema','Aguardando Ordem de Compra','2026-06-26 13:47:48','2026-06-26 16:47:48'),
(22,NULL,'XML','J C SOUZA FERNANDES','39.511.397/0001-11','1819','Nota Fiscal','2','35260539511397000111550020000018191000003839','2026-05-27','2026-06-26',NULL,NULL,NULL,3630.00,NULL,NULL,'Sistema','Aguardando Ordem de Compra','2026-06-26 13:47:49','2026-06-26 16:47:49'),
(23,NULL,'XML','GMAD AMERICANA COMERCIO DE MADEIRAS E FERRAGENS LTDA','44.479.620/0001-20','156437','Nota Fiscal','1','35260544479620000120550010001564371034995312','2026-05-21','2026-06-26',NULL,NULL,NULL,15989.40,NULL,NULL,'Sistema','Aguardando Ordem de Compra','2026-06-26 13:47:50','2026-06-26 16:47:50'),
(24,NULL,'XML','GMAD AMERICANA COMERCIO DE MADEIRAS E FERRAGENS LTDA','44.479.620/0001-20','156899','Nota Fiscal','1','35260544479620000120550010001568991035043719','2026-05-27','2026-06-26',NULL,NULL,NULL,7994.70,NULL,NULL,'Sistema','Aguardando Ordem de Compra','2026-06-26 13:47:51','2026-06-26 16:47:51'),
(25,NULL,'XML','GMAD AMERICANA COMERCIO DE MADEIRAS E FERRAGENS LTDA','44.479.620/0001-20','157040','Nota Fiscal','1','35260544479620000120550010001570401035058914','2026-05-28','2026-06-26',NULL,NULL,NULL,15321.60,NULL,NULL,'Sistema','Aguardando Ordem de Compra','2026-06-26 13:47:52','2026-06-26 16:47:52'),
(26,NULL,'XML','MADEIRANIT COM E IND DE  MADEIRAS LTDA','46.676.813/0001-05','675861','Nota Fiscal','3','35260546676813000105550030006758611145461693','2026-05-22','2026-06-26',NULL,NULL,NULL,8990.16,NULL,NULL,'Sistema','Aguardando Ordem de Compra','2026-06-26 13:47:53','2026-06-26 16:47:53'),
(27,NULL,'XML','INYLBRA INDUSTRIA E COMERCIO LTDA','59.135.509/0006-07','131490','Nota Fiscal','4','35260559135509000607550040001314901638362671','2026-05-21','2026-06-26',NULL,NULL,NULL,11792.00,NULL,NULL,'Sistema','Aguardando Ordem de Compra','2026-06-26 13:47:54','2026-06-26 16:47:54'),
(28,NULL,'XML','AMPARO EPI PROFISSIONAL E EQUIPAMENTOS LTDA','64.262.083/0001-70','967','Nota Fiscal','1','35260564262083000170550010000009671998893891','2026-05-15','2026-06-26',NULL,NULL,NULL,130.00,NULL,NULL,'Sistema','Aguardando Ordem de Compra','2026-06-26 13:47:55','2026-06-26 16:47:55'),
(29,NULL,'XML','AMPARO EPI PROFISSIONAL E EQUIPAMENTOS LTDA','64.262.083/0001-70','1095','Nota Fiscal','1','35260564262083000170550010000010951082795104','2026-05-29','2026-06-26',NULL,NULL,NULL,196.00,NULL,NULL,'Sistema','Aguardando Ordem de Compra','2026-06-26 13:47:56','2026-06-26 16:47:56'),
(30,NULL,'XML','GMAD AMERICANA COMERCIO DE MADEIRAS E FERRAGENS LTDA','44.479.620/0001-20','157341','Nota Fiscal','1','35260644479620000120550010001573411035089710','2026-06-01','2026-06-26',NULL,NULL,NULL,7994.70,NULL,NULL,'Sistema','Aguardando Ordem de Compra','2026-06-26 13:47:57','2026-06-26 16:47:57'),
(31,NULL,'XML','GMAD AMERICANA COMERCIO DE MADEIRAS E FERRAGENS LTDA','44.479.620/0001-20','157342','Nota Fiscal','1','35260644479620000120550010001573421035089814','2026-06-01','2026-06-26',NULL,NULL,NULL,7994.72,NULL,NULL,'Sistema','Aguardando Ordem de Compra','2026-06-26 13:47:58','2026-06-26 16:47:58'),
(32,NULL,'XML','ADAR IND. COM. IMPORT. E EXPORT. LTDA.','03.442.526/0001-10','1567553','Nota Fiscal','10','50260503442526000110550100015675531374122883','2026-05-15','2026-06-26',NULL,NULL,NULL,5320.00,NULL,NULL,'Sistema','Aguardando Ordem de Compra','2026-06-26 13:47:59','2026-06-26 16:47:59'),
(33,NULL,'XML','UREL & UREL COMPENSADOS LTDA','22.320.037/0001-30','31257','Nota Fiscal','1','35260522320037000130550010000312571359840731','2026-05-26','2026-06-26',NULL,NULL,NULL,15599.99,NULL,NULL,'Sistema','Aguardando Ordem de Compra','2026-06-26 15:26:50','2026-06-26 18:26:50'),
(34,NULL,'XML','GMAD AMERICANA COMERCIO DE MADEIRAS E FERRAGENS LTDA','44.479.620/0001-20','144240','Nota Fiscal','1','35260144479620000120550010001442401033712012','2026-01-19','2026-06-26',NULL,NULL,NULL,14364.00,NULL,NULL,'Sistema','Aguardando Ordem de Compra','2026-06-26 17:00:24','2026-06-26 20:00:24')
ON CONFLICT DO NOTHING;

INSERT INTO nfe_importacao_itens (id,nfe_importacao_id,produto_id,codigo_fornecedor,descricao,ncm,cfop,cest,unidade,quantidade,valor_unitario,desconto,valor_total,ean,status) VALUES
(35,18,3,'392','PORTA COPOS','76151000','5101','2806100','PC',1000.0000,0.5300,0.00,530.00,'SEM GTIN','vinculado'),
(36,19,4,'8004N2','GRAMPO 80/04','83052000','5102','','MIL',38.5000,1.9000,0.00,73.15,'SEM GTIN','vinculado'),
(37,20,5,'CX21616','Caixa de papelao ondulado CX 04','48191000','5101','','un',350.0000,4.1600,0.00,1456.00,'SEM GTIN','vinculado'),
(38,20,6,'CX21652','Caixa de papelao ondulado CX 05','48191000','5101','','un',540.0000,2.5400,0.00,1371.60,'SEM GTIN','vinculado'),
(39,21,7,'241','COLA 345 LV/B50','35069190','5102','','KG',50.0000,15.9600,0.00,798.00,'SEM GTIN','vinculado'),
(40,21,8,'1707','ADESIVO INSTANTANEO N7 100G POWER BOND','35061010','5405','','UN',10.0000,16.0000,0.00,160.00,'7898512372967','vinculado'),
(41,22,7,'241','COLA 345 LV/B50','35069190','5102','','KG',150.0000,21.0000,0.00,3150.00,'SEM GTIN','vinculado'),
(42,22,8,'1707','ADESIVO INSTANTANEO N7 100G POWER BOND','35061010','5405','','UN',30.0000,16.0000,0.00,480.00,'7898512372967','vinculado'),
(43,23,2,'421381','MDF CRU 04MM 2,75 X 1,85 - B (CORTADA EM 4 PARTES 126 CHAPAS)','44111210','5102','2803600','PT',2.0000,7994.7000,0.00,15989.40,'SEM GTIN','vinculado'),
(44,24,2,'421381','MDF CRU 04MM 2,75 X 1,85 - B (CORTADA EM 4 PARTES 126 CHAPAS) - BERNECK','44111210','5102','2803600','PT',1.0000,7994.7000,0.00,7994.70,'SEM GTIN','vinculado'),
(45,25,9,'394821','MDF CRU 2,8MM 2,75 X 1,85 - B (CORTADA EM 4 PARTES 168 CHAPAS)','44111210','5102','2803600','PT',2.0000,7660.8000,0.00,15321.60,'SEM GTIN','vinculado'),
(46,26,10,'MDBKCRU002','BERNECK MDF  2,8 MM 185X275 CRU','44111210','5102','','CH',200.0000,44.9500,0.00,8990.00,'SEM GTIN','vinculado'),
(47,26,11,'CAFDMDF046','CHAPA MDF 2 QUALIDADE','44111490','5102','','CH',3.0000,0.0500,0.00,0.15,'SEM GTIN','vinculado'),
(48,27,12,'7036003','FELTRO AGULHADO INYLTEX GRAFITE 2,00-','56021000','5101','','M2',160.0000,7.3700,0.00,1179.20,'7897034621102','vinculado'),
(49,27,12,'7036003','FELTRO AGULHADO INYLTEX GRAFITE 2,00-','56021000','5101','','M2',160.0000,7.3700,0.00,1179.20,'7897034621102','vinculado'),
(50,27,12,'7036003','FELTRO AGULHADO INYLTEX GRAFITE 2,00-','56021000','5101','','M2',160.0000,7.3700,0.00,1179.20,'7897034621102','vinculado'),
(51,27,12,'7036003','FELTRO AGULHADO INYLTEX GRAFITE 2,00-','56021000','5101','','M2',160.0000,7.3700,0.00,1179.20,'7897034621102','vinculado'),
(52,27,12,'7036003','FELTRO AGULHADO INYLTEX GRAFITE 2,00-','56021000','5101','','M2',160.0000,7.3700,0.00,1179.20,'7897034621102','vinculado'),
(53,27,12,'7036003','FELTRO AGULHADO INYLTEX GRAFITE 2,00-','56021000','5101','','M2',160.0000,7.3700,0.00,1179.20,'7897034621102','vinculado'),
(54,27,12,'7036003','FELTRO AGULHADO INYLTEX GRAFITE 2,00-','56021000','5101','','M2',160.0000,7.3700,0.00,1179.20,'7897034621102','vinculado'),
(55,27,12,'7036003','FELTRO AGULHADO INYLTEX GRAFITE 2,00-','56021000','5101','','M2',160.0000,7.3700,0.00,1179.20,'7897034621102','vinculado'),
(56,27,12,'7036003','FELTRO AGULHADO INYLTEX GRAFITE 2,00-','56021000','5101','','M2',160.0000,7.3700,0.00,1179.20,'7897034621102','vinculado'),
(57,27,12,'7036003','FELTRO AGULHADO INYLTEX GRAFITE 2,00-','56021000','5101','','M2',160.0000,7.3700,0.00,1179.20,'7897034621102','vinculado'),
(58,28,13,'10.301','LUVA NBR AZUL NITRIL. Tam.G','40151900','5102','','UNID',4.0000,10.0000,0.00,40.00,'SEM GTIN','vinculado'),
(59,28,14,'10.303','LUVA NBR AZUL NITRIL. Tam.M','40151900','5102','','UNID',4.0000,10.0000,0.00,40.00,'SEM GTIN','vinculado'),
(60,28,15,'10.302','LUVA NBR AZUL NITRIL. Tam.P','40151900','5102','','UNID',4.0000,10.0000,0.00,40.00,'SEM GTIN','vinculado'),
(61,28,16,'10.300','LUVA NBR AZUL NITRIL. Tam.GG','40151900','5102','','UNID',1.0000,10.0000,0.00,10.00,'SEM GTIN','vinculado'),
(62,29,17,'10.427','SAPATO ELASTICO B.PVC N37','64039190','5102','','UNID',1.0000,98.0000,0.00,98.00,'7893764053107','vinculado'),
(63,29,18,'10.433','SAPATO ELASTICO B.PVC N43','64039190','5102','','UNID',1.0000,98.0000,0.00,98.00,'7893764052643','vinculado'),
(64,30,2,'421381','MDF CRU 04MM 2,75 X 1,85 - B (CORTADA EM 4 PARTES 126 CHAPAS)','44111210','5102','2803600','PT',1.0000,7994.7000,0.00,7994.70,'SEM GTIN','vinculado'),
(65,31,2,'421381','MDF CRU 04MM 2,75 X 1,85 - B (CORTADA EM 4 PARTES 126 CHAPAS)','44111210','5102','2803600','PT',1.0000,7994.7200,0.00,7994.72,'SEM GTIN','vinculado'),
(66,32,19,'225.D12.A30','OXFORD STRETCH SUPER BLANC','54075210','6102','','MT',1400.0000,3.8000,0.00,5320.00,'SEM GTIN','vinculado'),
(67,33,20,'2','MDF CRU 2,8MM 275X185 BERNECK','44111210','5102','2805700','UN',312.0000,50.0000,0.00,15599.99,'7890000000024','vinculado'),
(68,34,2,'421381','MDF CRU 04MM 2,75 X 1,85 - B (CORTADA EM 4 PARTES 126 CHAPAS) - BERNECK','44111210','5102','2803600','PT',2.0000,7182.0000,0.00,14364.00,'SEM GTIN','vinculado')
ON CONFLICT DO NOTHING;

INSERT INTO movimentacoes_estoque (id,produto_id,recebimento_id,recebimento_item_id,data_movimentacao,tipo,quantidade,valor_unitario,valor_total,origem,usuario) VALUES
(33,3,18,35,'2026-06-26 13:47:46','entrada',1000.0000,0.5300,530.00,'XML','Sistema'),
(34,4,19,36,'2026-06-26 13:47:47','entrada',38.5000,1.9000,73.15,'XML','Sistema'),
(35,5,20,37,'2026-06-26 13:47:48','entrada',350.0000,4.1600,1456.00,'XML','Sistema'),
(36,6,20,38,'2026-06-26 13:47:48','entrada',540.0000,2.5400,1371.60,'XML','Sistema'),
(37,7,21,39,'2026-06-26 13:47:49','entrada',50.0000,15.9600,798.00,'XML','Sistema'),
(38,8,21,40,'2026-06-26 13:47:49','entrada',10.0000,16.0000,160.00,'XML','Sistema'),
(39,7,22,41,'2026-06-26 13:47:49','entrada',150.0000,21.0000,3150.00,'XML','Sistema'),
(40,8,22,42,'2026-06-26 13:47:49','entrada',30.0000,16.0000,480.00,'XML','Sistema'),
(41,2,23,43,'2026-06-26 13:47:50','entrada',2.0000,7994.7000,15989.40,'XML','Sistema'),
(42,2,24,44,'2026-06-26 13:47:51','entrada',1.0000,7994.7000,7994.70,'XML','Sistema'),
(43,9,25,45,'2026-06-26 13:47:52','entrada',2.0000,7660.8000,15321.60,'XML','Sistema'),
(44,10,26,46,'2026-06-26 13:47:53','entrada',200.0000,44.9500,8990.00,'XML','Sistema'),
(45,11,26,47,'2026-06-26 13:47:53','entrada',3.0000,0.0500,0.15,'XML','Sistema'),
(46,12,27,48,'2026-06-26 13:47:54','entrada',160.0000,7.3700,1179.20,'XML','Sistema'),
(47,12,27,49,'2026-06-26 13:47:54','entrada',160.0000,7.3700,1179.20,'XML','Sistema'),
(48,12,27,50,'2026-06-26 13:47:54','entrada',160.0000,7.3700,1179.20,'XML','Sistema'),
(49,12,27,51,'2026-06-26 13:47:54','entrada',160.0000,7.3700,1179.20,'XML','Sistema'),
(50,12,27,52,'2026-06-26 13:47:54','entrada',160.0000,7.3700,1179.20,'XML','Sistema'),
(51,12,27,53,'2026-06-26 13:47:54','entrada',160.0000,7.3700,1179.20,'XML','Sistema'),
(52,12,27,54,'2026-06-26 13:47:54','entrada',160.0000,7.3700,1179.20,'XML','Sistema'),
(53,12,27,55,'2026-06-26 13:47:54','entrada',160.0000,7.3700,1179.20,'XML','Sistema'),
(54,12,27,56,'2026-06-26 13:47:54','entrada',160.0000,7.3700,1179.20,'XML','Sistema'),
(55,12,27,57,'2026-06-26 13:47:54','entrada',160.0000,7.3700,1179.20,'XML','Sistema'),
(56,13,28,58,'2026-06-26 13:47:55','entrada',4.0000,10.0000,40.00,'XML','Sistema'),
(57,14,28,59,'2026-06-26 13:47:55','entrada',4.0000,10.0000,40.00,'XML','Sistema'),
(58,15,28,60,'2026-06-26 13:47:55','entrada',4.0000,10.0000,40.00,'XML','Sistema'),
(59,16,28,61,'2026-06-26 13:47:55','entrada',1.0000,10.0000,10.00,'XML','Sistema'),
(60,17,29,62,'2026-06-26 13:47:56','entrada',1.0000,98.0000,98.00,'XML','Sistema'),
(61,18,29,63,'2026-06-26 13:47:56','entrada',1.0000,98.0000,98.00,'XML','Sistema'),
(62,2,30,64,'2026-06-26 13:47:57','entrada',1.0000,7994.7000,7994.70,'XML','Sistema'),
(63,2,31,65,'2026-06-26 13:47:58','entrada',1.0000,7994.7200,7994.72,'XML','Sistema'),
(64,19,32,66,'2026-06-26 13:47:59','entrada',1400.0000,3.8000,5320.00,'XML','Sistema'),
(65,20,33,67,'2026-06-26 15:26:50','entrada',312.0000,50.0000,15599.99,'XML','Sistema'),
(66,2,34,68,'2026-06-26 17:00:24','entrada',2.0000,7182.0000,14364.00,'XML','Sistema')
ON CONFLICT DO NOTHING;

INSERT INTO historico_custos (id,produto_id,fornecedor,documento,data_entrada,quantidade,unidade_compra,quantidade_por_unidade_compra,unidade_base,quantidade_total_base,valor_unitario,valor_unitario_base,valor_total,origem,recebimento_id,recebimento_item_id,criado_em) VALUES
(33,3,'MARCIO JOSE JACOMASSI ME','1378','2026-06-26',1000.0000,'PECAS',1.0000,'UN',1000.0000,0.5300,0.5300,530.00,'XML',18,35,'2026-06-26 16:47:46'),
(34,4,'PAVESA COMERCIO DE FERRAGENS E FERRAMENTAS LTDA','7727','2026-06-26',38.5000,'MIL',1.0000,'UN',38.5000,1.9000,1.9000,73.15,'XML',19,36,'2026-06-26 16:47:47'),
(35,5,'IDEAL - BOX E EMBALAGENS LTDA','14613','2026-06-26',350.0000,'UN',1.0000,'UN',350.0000,4.1600,4.1600,1456.00,'XML',20,37,'2026-06-26 16:47:48'),
(36,6,'IDEAL - BOX E EMBALAGENS LTDA','14613','2026-06-26',540.0000,'UN',1.0000,'UN',540.0000,2.5400,2.5400,1371.60,'XML',20,38,'2026-06-26 16:47:48'),
(37,7,'J C SOUZA FERNANDES','1813','2026-06-26',50.0000,'KG',1.0000,'UN',50.0000,15.9600,15.9600,798.00,'XML',21,39,'2026-06-26 16:47:49'),
(38,8,'J C SOUZA FERNANDES','1813','2026-06-26',10.0000,'UN',1.0000,'UN',10.0000,16.0000,16.0000,160.00,'XML',21,40,'2026-06-26 16:47:49'),
(39,7,'J C SOUZA FERNANDES','1819','2026-06-26',150.0000,'KG',1.0000,'UN',150.0000,21.0000,21.0000,3150.00,'XML',22,41,'2026-06-26 16:47:49'),
(40,8,'J C SOUZA FERNANDES','1819','2026-06-26',30.0000,'UN',1.0000,'UN',30.0000,16.0000,16.0000,480.00,'XML',22,42,'2026-06-26 16:47:49'),
(41,2,'GMAD AMERICANA COMERCIO DE MADEIRAS E FERRAGENS LTDA','156437','2026-06-26',2.0000,'PALLET',126.0000,'CHAPAS',252.0000,7994.7000,63.4500,15989.40,'XML',23,43,'2026-06-26 16:47:50'),
(42,2,'GMAD AMERICANA COMERCIO DE MADEIRAS E FERRAGENS LTDA','156899','2026-06-26',1.0000,'PALLET',126.0000,'CHAPAS',126.0000,7994.7000,63.4500,7994.70,'XML',24,44,'2026-06-26 16:47:51'),
(43,9,'GMAD AMERICANA COMERCIO DE MADEIRAS E FERRAGENS LTDA','157040','2026-06-26',2.0000,'PALLET',168.0000,'CHAPAS',336.0000,7660.8000,45.6000,15321.60,'XML',25,45,'2026-06-26 16:47:52'),
(44,10,'MADEIRANIT COM E IND DE  MADEIRAS LTDA','675861','2026-06-26',200.0000,'CHAPAS',1.0000,'CHAPAS',200.0000,44.9500,44.9500,8990.00,'XML',26,46,'2026-06-26 16:47:53'),
(45,11,'MADEIRANIT COM E IND DE  MADEIRAS LTDA','675861','2026-06-26',3.0000,'CHAPAS',1.0000,'CHAPAS',3.0000,0.0500,0.0500,0.15,'XML',26,47,'2026-06-26 16:47:53'),
(46,12,'INYLBRA INDUSTRIA E COMERCIO LTDA','131490','2026-06-26',160.0000,'M2',1.0000,'UN',160.0000,7.3700,7.3700,1179.20,'XML',27,48,'2026-06-26 16:47:54'),
(47,12,'INYLBRA INDUSTRIA E COMERCIO LTDA','131490','2026-06-26',160.0000,'M2',1.0000,'UN',160.0000,7.3700,7.3700,1179.20,'XML',27,49,'2026-06-26 16:47:54'),
(48,12,'INYLBRA INDUSTRIA E COMERCIO LTDA','131490','2026-06-26',160.0000,'M2',1.0000,'UN',160.0000,7.3700,7.3700,1179.20,'XML',27,50,'2026-06-26 16:47:54'),
(49,12,'INYLBRA INDUSTRIA E COMERCIO LTDA','131490','2026-06-26',160.0000,'M2',1.0000,'UN',160.0000,7.3700,7.3700,1179.20,'XML',27,51,'2026-06-26 16:47:54'),
(50,12,'INYLBRA INDUSTRIA E COMERCIO LTDA','131490','2026-06-26',160.0000,'M2',1.0000,'UN',160.0000,7.3700,7.3700,1179.20,'XML',27,52,'2026-06-26 16:47:54'),
(51,12,'INYLBRA INDUSTRIA E COMERCIO LTDA','131490','2026-06-26',160.0000,'M2',1.0000,'UN',160.0000,7.3700,7.3700,1179.20,'XML',27,53,'2026-06-26 16:47:54'),
(52,12,'INYLBRA INDUSTRIA E COMERCIO LTDA','131490','2026-06-26',160.0000,'M2',1.0000,'UN',160.0000,7.3700,7.3700,1179.20,'XML',27,54,'2026-06-26 16:47:54'),
(53,12,'INYLBRA INDUSTRIA E COMERCIO LTDA','131490','2026-06-26',160.0000,'M2',1.0000,'UN',160.0000,7.3700,7.3700,1179.20,'XML',27,55,'2026-06-26 16:47:54'),
(54,12,'INYLBRA INDUSTRIA E COMERCIO LTDA','131490','2026-06-26',160.0000,'M2',1.0000,'UN',160.0000,7.3700,7.3700,1179.20,'XML',27,56,'2026-06-26 16:47:54'),
(55,12,'INYLBRA INDUSTRIA E COMERCIO LTDA','131490','2026-06-26',160.0000,'M2',1.0000,'UN',160.0000,7.3700,7.3700,1179.20,'XML',27,57,'2026-06-26 16:47:54'),
(56,13,'AMPARO EPI PROFISSIONAL E EQUIPAMENTOS LTDA','967','2026-06-26',4.0000,'UN',1.0000,'UN',4.0000,10.0000,10.0000,40.00,'XML',28,58,'2026-06-26 16:47:55'),
(57,14,'AMPARO EPI PROFISSIONAL E EQUIPAMENTOS LTDA','967','2026-06-26',4.0000,'UN',1.0000,'UN',4.0000,10.0000,10.0000,40.00,'XML',28,59,'2026-06-26 16:47:55'),
(58,15,'AMPARO EPI PROFISSIONAL E EQUIPAMENTOS LTDA','967','2026-06-26',4.0000,'UN',1.0000,'UN',4.0000,10.0000,10.0000,40.00,'XML',28,60,'2026-06-26 16:47:55'),
(59,16,'AMPARO EPI PROFISSIONAL E EQUIPAMENTOS LTDA','967','2026-06-26',1.0000,'UN',1.0000,'UN',1.0000,10.0000,10.0000,10.00,'XML',28,61,'2026-06-26 16:47:55'),
(60,17,'AMPARO EPI PROFISSIONAL E EQUIPAMENTOS LTDA','1095','2026-06-26',1.0000,'UN',1.0000,'UN',1.0000,98.0000,98.0000,98.00,'XML',29,62,'2026-06-26 16:47:56'),
(61,18,'AMPARO EPI PROFISSIONAL E EQUIPAMENTOS LTDA','1095','2026-06-26',1.0000,'UN',1.0000,'UN',1.0000,98.0000,98.0000,98.00,'XML',29,63,'2026-06-26 16:47:56'),
(62,2,'GMAD AMERICANA COMERCIO DE MADEIRAS E FERRAGENS LTDA','157341','2026-06-26',1.0000,'PALLET',126.0000,'CHAPAS',126.0000,7994.7000,63.4500,7994.70,'XML',30,64,'2026-06-26 16:47:57'),
(63,2,'GMAD AMERICANA COMERCIO DE MADEIRAS E FERRAGENS LTDA','157342','2026-06-26',1.0000,'PALLET',126.0000,'CHAPAS',126.0000,7994.7200,63.4502,7994.72,'XML',31,65,'2026-06-26 16:47:58'),
(64,19,'ADAR IND. COM. IMPORT. E EXPORT. LTDA.','1567553','2026-06-26',1400.0000,'MT',1.0000,'UN',1400.0000,3.8000,3.8000,5320.00,'XML',32,66,'2026-06-26 16:47:59'),
(65,20,'UREL & UREL COMPENSADOS LTDA','31257','2026-06-26',312.0000,'UN',1.0000,'CHAPAS',312.0000,50.0000,50.0000,15599.99,'XML',33,67,'2026-06-26 18:26:50'),
(66,2,'GMAD AMERICANA COMERCIO DE MADEIRAS E FERRAGENS LTDA','144240','2026-06-26',2.0000,'PALLET',126.0000,'CHAPAS',252.0000,7182.0000,57.0000,14364.00,'XML',34,68,'2026-06-26 20:00:24')
ON CONFLICT DO NOTHING;

INSERT INTO recebimento_auditoria (id,recebimento_id,usuario,acao,origem,detalhes,criado_em) VALUES
(16,18,'Sistema','Importacao XML','XML','Documento 1378 importado.','2026-06-26 16:47:45'),
(17,18,'Sistema','Processamento de estoque/custo','XML','1 item(ns) processado(s).','2026-06-26 16:47:46'),
(18,19,'Sistema','Importacao XML','XML','Documento 7727 importado.','2026-06-26 16:47:46'),
(19,19,'Sistema','Processamento de estoque/custo','XML','1 item(ns) processado(s).','2026-06-26 16:47:47'),
(20,20,'Sistema','Importacao XML','XML','Documento 14613 importado.','2026-06-26 16:47:47'),
(21,20,'Sistema','Processamento de estoque/custo','XML','2 item(ns) processado(s).','2026-06-26 16:47:48'),
(22,21,'Sistema','Importacao XML','XML','Documento 1813 importado.','2026-06-26 16:47:48'),
(23,21,'Sistema','Processamento de estoque/custo','XML','2 item(ns) processado(s).','2026-06-26 16:47:49'),
(24,22,'Sistema','Importacao XML','XML','Documento 1819 importado.','2026-06-26 16:47:49'),
(25,22,'Sistema','Processamento de estoque/custo','XML','2 item(ns) processado(s).','2026-06-26 16:47:50'),
(26,23,'Sistema','Importacao XML','XML','Documento 156437 importado.','2026-06-26 16:47:50'),
(27,23,'Sistema','Processamento de estoque/custo','XML','1 item(ns) processado(s).','2026-06-26 16:47:50'),
(28,24,'Sistema','Importacao XML','XML','Documento 156899 importado.','2026-06-26 16:47:51'),
(29,24,'Sistema','Processamento de estoque/custo','XML','1 item(ns) processado(s).','2026-06-26 16:47:51'),
(30,25,'Sistema','Importacao XML','XML','Documento 157040 importado.','2026-06-26 16:47:52'),
(31,25,'Sistema','Processamento de estoque/custo','XML','1 item(ns) processado(s).','2026-06-26 16:47:52'),
(32,26,'Sistema','Importacao XML','XML','Documento 675861 importado.','2026-06-26 16:47:53'),
(33,26,'Sistema','Processamento de estoque/custo','XML','2 item(ns) processado(s).','2026-06-26 16:47:53'),
(34,27,'Sistema','Importacao XML','XML','Documento 131490 importado.','2026-06-26 16:47:54'),
(35,27,'Sistema','Processamento de estoque/custo','XML','10 item(ns) processado(s).','2026-06-26 16:47:54'),
(36,28,'Sistema','Importacao XML','XML','Documento 967 importado.','2026-06-26 16:47:55'),
(37,28,'Sistema','Processamento de estoque/custo','XML','4 item(ns) processado(s).','2026-06-26 16:47:55'),
(38,29,'Sistema','Importacao XML','XML','Documento 1095 importado.','2026-06-26 16:47:56'),
(39,29,'Sistema','Processamento de estoque/custo','XML','2 item(ns) processado(s).','2026-06-26 16:47:56'),
(40,30,'Sistema','Importacao XML','XML','Documento 157341 importado.','2026-06-26 16:47:57'),
(41,30,'Sistema','Processamento de estoque/custo','XML','1 item(ns) processado(s).','2026-06-26 16:47:57'),
(42,31,'Sistema','Importacao XML','XML','Documento 157342 importado.','2026-06-26 16:47:58'),
(43,31,'Sistema','Processamento de estoque/custo','XML','1 item(ns) processado(s).','2026-06-26 16:47:58'),
(44,32,'Sistema','Importacao XML','XML','Documento 1567553 importado.','2026-06-26 16:47:59'),
(45,32,'Sistema','Processamento de estoque/custo','XML','1 item(ns) processado(s).','2026-06-26 16:47:59'),
(46,33,'Sistema','Importacao XML','XML','Documento 31257 importado.','2026-06-26 18:26:50'),
(47,33,'Sistema','Processamento de estoque/custo','XML','1 item(ns) processado(s).','2026-06-26 18:26:50'),
(48,33,'Sistema','Processamento de estoque/custo','XML','0 item(ns) processado(s).','2026-06-26 18:28:28'),
(49,34,'Sistema','Importacao XML','XML','Documento 144240 importado.','2026-06-26 20:00:24'),
(50,34,'Sistema','Processamento de estoque/custo','XML','1 item(ns) processado(s).','2026-06-26 20:00:24')
ON CONFLICT DO NOTHING;

INSERT INTO orcamentos (id,mes,ano,categoria_id,valor_orcamento,orcamento_previsto,data_importacao,usuario_importacao) VALUES
(1,6,2026,92,13573.00,13573.00,'2026-06-25 19:41:00','Importacao XLSX'),
(2,6,2026,127,1987.00,1987.00,'2026-06-25 19:41:01','Importacao XLSX'),
(3,6,2026,82,13560.00,13560.00,'2026-06-25 19:41:01','Importacao XLSX'),
(4,6,2026,87,23584.00,23584.00,'2026-06-25 19:41:01','Importacao XLSX'),
(5,6,2026,77,148010.00,148010.00,'2026-06-25 19:41:01','Importacao XLSX'),
(6,6,2026,42,27804.00,27804.00,'2026-06-25 19:41:01','Importacao XLSX'),
(7,6,2026,132,9430.00,9430.00,'2026-06-25 19:41:01','Importacao XLSX'),
(8,6,2026,122,14683.00,14683.00,'2026-06-25 19:41:01','Importacao XLSX'),
(9,6,2026,107,0.00,0.00,'2026-06-25 19:41:01','Importacao XLSX'),
(10,6,2026,67,0.00,0.00,'2026-06-25 19:41:01','Importacao XLSX'),
(11,6,2026,112,1790.00,1790.00,'2026-06-25 19:41:01','Importacao XLSX'),
(12,6,2026,117,0.00,0.00,'2026-06-25 19:41:01','Importacao XLSX'),
(13,6,2026,102,0.00,0.00,'2026-06-25 19:41:01','Importacao XLSX'),
(14,6,2026,97,0.00,0.00,'2026-06-25 19:41:01','Importacao XLSX'),
(15,6,2026,72,0.00,0.00,'2026-06-25 19:41:01','Importacao XLSX'),
(16,7,2026,92,15851.00,15851.00,'2026-06-25 19:41:01','Importacao XLSX'),
(17,7,2026,127,2000.00,2000.00,'2026-06-25 19:41:01','Importacao XLSX'),
(18,7,2026,82,13000.00,13000.00,'2026-06-25 19:41:01','Importacao XLSX'),
(19,7,2026,87,30000.00,30000.00,'2026-06-25 19:41:01','Importacao XLSX'),
(20,7,2026,77,160000.00,160000.00,'2026-06-25 19:41:01','Importacao XLSX'),
(21,7,2026,42,28000.00,28000.00,'2026-06-25 19:41:01','Importacao XLSX'),
(22,7,2026,132,5000.00,5000.00,'2026-06-25 19:41:01','Importacao XLSX'),
(23,7,2026,122,1837.00,1837.00,'2026-06-25 19:41:01','Importacao XLSX'),
(24,7,2026,107,5277.00,5277.00,'2026-06-25 19:41:01','Importacao XLSX'),
(25,7,2026,67,2000.00,2000.00,'2026-06-25 19:41:01','Importacao XLSX'),
(26,7,2026,112,104.00,104.00,'2026-06-25 19:41:01','Importacao XLSX'),
(27,7,2026,117,500.00,500.00,'2026-06-25 19:41:01','Importacao XLSX'),
(28,7,2026,102,0.00,0.00,'2026-06-25 19:41:01','Importacao XLSX'),
(29,7,2026,97,500.00,500.00,'2026-06-25 19:41:01','Importacao XLSX'),
(30,8,2026,92,12759.00,12759.00,'2026-06-25 19:41:01','Importacao XLSX'),
(31,8,2026,127,2000.00,2000.00,'2026-06-25 19:41:01','Importacao XLSX'),
(32,8,2026,82,13000.00,13000.00,'2026-06-25 19:41:01','Importacao XLSX'),
(33,8,2026,87,30000.00,30000.00,'2026-06-25 19:41:01','Importacao XLSX'),
(34,8,2026,77,160000.00,160000.00,'2026-06-25 19:41:01','Importacao XLSX'),
(35,8,2026,42,28000.00,28000.00,'2026-06-25 19:41:01','Importacao XLSX'),
(36,8,2026,132,5000.00,5000.00,'2026-06-25 19:41:01','Importacao XLSX'),
(37,8,2026,122,0.00,0.00,'2026-06-25 19:41:01','Importacao XLSX'),
(38,8,2026,107,5277.00,5277.00,'2026-06-25 19:41:01','Importacao XLSX'),
(39,8,2026,67,2000.00,2000.00,'2026-06-25 19:41:01','Importacao XLSX'),
(40,8,2026,112,104.00,104.00,'2026-06-25 19:41:01','Importacao XLSX'),
(41,8,2026,117,500.00,500.00,'2026-06-25 19:41:01','Importacao XLSX'),
(42,8,2026,102,2746.00,2746.00,'2026-06-25 19:41:01','Importacao XLSX'),
(43,8,2026,97,500.00,500.00,'2026-06-25 19:41:01','Importacao XLSX'),
(44,9,2026,92,15713.00,15713.00,'2026-06-25 19:41:01','Importacao XLSX'),
(45,9,2026,127,2000.00,2000.00,'2026-06-25 19:41:01','Importacao XLSX'),
(46,9,2026,82,13000.00,13000.00,'2026-06-25 19:41:01','Importacao XLSX'),
(47,9,2026,87,30000.00,30000.00,'2026-06-25 19:41:01','Importacao XLSX'),
(48,9,2026,77,160000.00,160000.00,'2026-06-25 19:41:01','Importacao XLSX'),
(49,9,2026,42,28000.00,28000.00,'2026-06-25 19:41:01','Importacao XLSX'),
(50,9,2026,132,5000.00,5000.00,'2026-06-25 19:41:01','Importacao XLSX'),
(51,9,2026,122,0.00,0.00,'2026-06-25 19:41:01','Importacao XLSX'),
(52,9,2026,107,5277.00,5277.00,'2026-06-25 19:41:01','Importacao XLSX'),
(53,9,2026,67,2000.00,2000.00,'2026-06-25 19:41:01','Importacao XLSX'),
(54,9,2026,112,104.00,104.00,'2026-06-25 19:41:01','Importacao XLSX'),
(55,9,2026,117,500.00,500.00,'2026-06-25 19:41:01','Importacao XLSX'),
(56,9,2026,102,2746.00,2746.00,'2026-06-25 19:41:01','Importacao XLSX'),
(57,9,2026,97,500.00,500.00,'2026-06-25 19:41:01','Importacao XLSX'),
(58,10,2026,92,14774.00,14774.00,'2026-06-25 19:41:01','Importacao XLSX'),
(59,10,2026,127,2000.00,2000.00,'2026-06-25 19:41:01','Importacao XLSX'),
(60,10,2026,82,13000.00,13000.00,'2026-06-25 19:41:01','Importacao XLSX'),
(61,10,2026,87,30000.00,30000.00,'2026-06-25 19:41:01','Importacao XLSX'),
(62,10,2026,77,160000.00,160000.00,'2026-06-25 19:41:01','Importacao XLSX'),
(63,10,2026,42,28000.00,28000.00,'2026-06-25 19:41:01','Importacao XLSX'),
(64,10,2026,132,5000.00,5000.00,'2026-06-25 19:41:01','Importacao XLSX'),
(65,10,2026,122,0.00,0.00,'2026-06-25 19:41:01','Importacao XLSX'),
(66,10,2026,107,5277.00,5277.00,'2026-06-25 19:41:01','Importacao XLSX'),
(67,10,2026,67,2000.00,2000.00,'2026-06-25 19:41:01','Importacao XLSX'),
(68,10,2026,112,104.00,104.00,'2026-06-25 19:41:01','Importacao XLSX'),
(69,10,2026,117,500.00,500.00,'2026-06-25 19:41:01','Importacao XLSX'),
(70,10,2026,102,2746.00,2746.00,'2026-06-25 19:41:01','Importacao XLSX'),
(71,10,2026,97,500.00,500.00,'2026-06-25 19:41:01','Importacao XLSX'),
(72,11,2026,92,14415.00,14415.00,'2026-06-25 19:41:01','Importacao XLSX'),
(73,11,2026,127,2000.00,2000.00,'2026-06-25 19:41:01','Importacao XLSX'),
(74,11,2026,82,13000.00,13000.00,'2026-06-25 19:41:01','Importacao XLSX'),
(75,11,2026,87,30000.00,30000.00,'2026-06-25 19:41:01','Importacao XLSX'),
(76,11,2026,77,160000.00,160000.00,'2026-06-25 19:41:01','Importacao XLSX'),
(77,11,2026,42,28000.00,28000.00,'2026-06-25 19:41:01','Importacao XLSX'),
(78,11,2026,132,5000.00,5000.00,'2026-06-25 19:41:01','Importacao XLSX'),
(79,11,2026,122,0.00,0.00,'2026-06-25 19:41:01','Importacao XLSX'),
(80,11,2026,107,5277.00,5277.00,'2026-06-25 19:41:01','Importacao XLSX'),
(81,11,2026,67,2000.00,2000.00,'2026-06-25 19:41:01','Importacao XLSX'),
(82,11,2026,112,104.00,104.00,'2026-06-25 19:41:01','Importacao XLSX'),
(83,11,2026,117,500.00,500.00,'2026-06-25 19:41:01','Importacao XLSX'),
(84,11,2026,102,2746.00,2746.00,'2026-06-25 19:41:01','Importacao XLSX'),
(85,11,2026,97,500.00,500.00,'2026-06-25 19:41:01','Importacao XLSX'),
(86,12,2026,92,14967.00,14967.00,'2026-06-25 19:41:01','Importacao XLSX'),
(87,12,2026,127,2000.00,2000.00,'2026-06-25 19:41:02','Importacao XLSX'),
(88,12,2026,82,13000.00,13000.00,'2026-06-25 19:41:02','Importacao XLSX'),
(89,12,2026,87,30000.00,30000.00,'2026-06-25 19:41:02','Importacao XLSX'),
(90,12,2026,77,160000.00,160000.00,'2026-06-25 19:41:02','Importacao XLSX'),
(91,12,2026,42,28000.00,28000.00,'2026-06-25 19:41:02','Importacao XLSX'),
(92,12,2026,132,5000.00,5000.00,'2026-06-25 19:41:02','Importacao XLSX'),
(93,12,2026,122,0.00,0.00,'2026-06-25 19:41:02','Importacao XLSX'),
(94,12,2026,107,5277.00,5277.00,'2026-06-25 19:41:02','Importacao XLSX'),
(95,12,2026,67,2000.00,2000.00,'2026-06-25 19:41:02','Importacao XLSX'),
(96,12,2026,112,104.00,104.00,'2026-06-25 19:41:02','Importacao XLSX'),
(97,12,2026,117,500.00,500.00,'2026-06-25 19:41:02','Importacao XLSX'),
(98,12,2026,102,2746.00,2746.00,'2026-06-25 19:41:02','Importacao XLSX'),
(99,12,2026,97,500.00,500.00,'2026-06-25 19:41:02','Importacao XLSX')
ON CONFLICT DO NOTHING;

-- Cria itens das ordens antigas que tinham produto direto na tabela principal.
INSERT INTO ordem_compra_itens
(ordem_id,produto_id,quantidade,preco_negociado,frete,valor_total_item,categoria,unidade_compra,quantidade_por_unidade,unidade_base)
SELECT o.id,o.produto_id,o.quantidade,o.preco_negociado,o.frete,o.valor_total,o.tipo_material,p.unidade,p.quantidade_por_unidade_compra,p.unidade_base
FROM ordens_compra o
JOIN produtos p ON p.id=o.produto_id
WHERE o.produto_id IS NOT NULL
  AND NOT EXISTS (SELECT 1 FROM ordem_compra_itens i WHERE i.ordem_id=o.id);

SELECT setval(pg_get_serial_sequence('fornecedores','id'), COALESCE((SELECT MAX(id) FROM fornecedores), 1), true);
SELECT setval(pg_get_serial_sequence('unidades_medida','id'), COALESCE((SELECT MAX(id) FROM unidades_medida), 1), true);
SELECT setval(pg_get_serial_sequence('cadastro_categorias','id'), COALESCE((SELECT MAX(id) FROM cadastro_categorias), 1), true);
SELECT setval(pg_get_serial_sequence('cadastro_tipos_pagamento','id'), COALESCE((SELECT MAX(id) FROM cadastro_tipos_pagamento), 1), true);
SELECT setval(pg_get_serial_sequence('produtos','id'), COALESCE((SELECT MAX(id) FROM produtos), 1), true);
SELECT setval(pg_get_serial_sequence('ordens_compra','id'), COALESCE((SELECT MAX(id) FROM ordens_compra), 1), true);
SELECT setval(pg_get_serial_sequence('autorizacoes','id'), COALESCE((SELECT MAX(id) FROM autorizacoes), 1), true);
SELECT setval(pg_get_serial_sequence('recebimentos','id'), COALESCE((SELECT MAX(id) FROM recebimentos), 1), true);
SELECT setval(pg_get_serial_sequence('produto_fornecedor_relacionamentos','id'), COALESCE((SELECT MAX(id) FROM produto_fornecedor_relacionamentos), 1), true);
SELECT setval(pg_get_serial_sequence('nfe_importacoes','id'), COALESCE((SELECT MAX(id) FROM nfe_importacoes), 1), true);
SELECT setval(pg_get_serial_sequence('nfe_importacao_itens','id'), COALESCE((SELECT MAX(id) FROM nfe_importacao_itens), 1), true);
SELECT setval(pg_get_serial_sequence('movimentacoes_estoque','id'), COALESCE((SELECT MAX(id) FROM movimentacoes_estoque), 1), true);
SELECT setval(pg_get_serial_sequence('historico_custos','id'), COALESCE((SELECT MAX(id) FROM historico_custos), 1), true);
SELECT setval(pg_get_serial_sequence('recebimento_auditoria','id'), COALESCE((SELECT MAX(id) FROM recebimento_auditoria), 1), true);
SELECT setval(pg_get_serial_sequence('orcamentos','id'), COALESCE((SELECT MAX(id) FROM orcamentos), 1), true);

COMMIT;
